{
  "tags": {
    "allowUnknownTags": true
  },
  "source": {
    "include": ["./"],
    "includePattern": ".+\.js(doc)?$",
    "excludePattern": "docs"
  },
  "plugins": [],
  "templates": {
    "cleverLinks": false,
    "monospaceLinks": true,
    "systemName": "remoteFileExplorer",
    "footer": "Created by Simon Speich",
    "copyright": "2013",
    "navType": "vertical",
    "theme": "spacelab",
    "linenums": true,
    "collapseSymbols": true,
    "inverseNav": false
  },
  "opts": {
    "template": "C:\\Users\\Public\\WebsiteTools\\jsdoc3\\templates\\docstrap\\template",
    "encoding": "utf8",
    "destination": "docs/js",
    "recurse": true,
    "private": true
  }
}
