{
  "project_info": {
    "project_number": "1086120015441",
    "firebase_url": "https://shahada-21acc.firebaseio.com",
    "project_id": "shahada-21acc",
    "storage_bucket": "shahada-21acc.appspot.com"
  },
  "client": [
    {
      "client_info": {
        "mobilesdk_app_id": "1:1086120015441:android:3a72ee3a8d870fdf",
        "android_client_info": {
          "package_name": "com.africa.shahada"
        }
      },
      "oauth_client": [
        {
          "client_id": "1086120015441-7vfj93k549rem8as5qgcu2kn9gjc4eq4.apps.googleusercontent.com",
          "client_type": 3
        },
        {
          "client_id": "1086120015441-9qse855q2o8at7mf0kfefjumvshjl931.apps.googleusercontent.com",
          "client_type": 3
        }
      ],
      "api_key": [
        {
          "current_key": "AIzaSyDRxqK8ksU5CfxpHZVs8xSvcUFbFkQrDbo"
        }
      ],
      "services": {
        "analytics_service": {
          "status": 1
        },
        "appinvite_service": {
          "status": 1,
          "other_platform_oauth_client": []
        },
        "ads_service": {
          "status": 2
        }
      }
    },
    {
      "client_info": {
        "mobilesdk_app_id": "1:1086120015441:android:6a16f15a3de5706e",
        "android_client_info": {
          "package_name": "com.hiv.predictor"
        }
      },
      "oauth_client": [
        {
          "client_id": "1086120015441-3gb8l44jieqm4jnl6hudd60sa6ptf6te.apps.googleusercontent.com",
          "client_type": 1,
          "android_info": {
            "package_name": "com.hiv.predictor",
            "certificate_hash": "4a343e72e273a27f729eef3f5364cef0d4640335"
          }
        },
        {
          "client_id": "1086120015441-felvvp32p9p92ijeto1531crfveluom8.apps.googleusercontent.com",
          "client_type": 1,
          "android_info": {
            "package_name": "com.hiv.predictor",
            "certificate_hash": "d8cf6659965a4ac28b74b88364f23954de16291e"
          }
        },
        {
          "client_id": "1086120015441-7vfj93k549rem8as5qgcu2kn9gjc4eq4.apps.googleusercontent.com",
          "client_type": 3
        },
        {
          "client_id": "1086120015441-9qse855q2o8at7mf0kfefjumvshjl931.apps.googleusercontent.com",
          "client_type": 3
        }
      ],
      "api_key": [
        {
          "current_key": "AIzaSyDRxqK8ksU5CfxpHZVs8xSvcUFbFkQrDbo"
        }
      ],
      "services": {
        "analytics_service": {
          "status": 1
        },
        "appinvite_service": {
          "status": 2,
          "other_platform_oauth_client": [
            {
              "client_id": "1086120015441-7vfj93k549rem8as5qgcu2kn9gjc4eq4.apps.googleusercontent.com",
              "client_type": 3
            }
          ]
        },
        "ads_service": {
          "status": 2
        }
      }
    }
  ],
  "configuration_version": "1"
}